-- phpMyAdmin SQL Dump
-- version 5.1.1
-- https://www.phpmyadmin.net/
--
-- Host: 127.0.0.1
-- Waktu pembuatan: 02 Des 2022 pada 14.42
-- Versi server: 10.4.22-MariaDB
-- Versi PHP: 7.3.33

SET SQL_MODE = "NO_AUTO_VALUE_ON_ZERO";
START TRANSACTION;
SET time_zone = "+00:00";


/*!40101 SET @OLD_CHARACTER_SET_CLIENT=@@CHARACTER_SET_CLIENT */;
/*!40101 SET @OLD_CHARACTER_SET_RESULTS=@@CHARACTER_SET_RESULTS */;
/*!40101 SET @OLD_COLLATION_CONNECTION=@@COLLATION_CONNECTION */;
/*!40101 SET NAMES utf8mb4 */;

--
-- Database: `db_stokbarang`
--

-- --------------------------------------------------------

--
-- Struktur dari tabel `ci_sessions`
--

CREATE TABLE `ci_sessions` (
  `id` varchar(128) NOT NULL,
  `ip_address` varchar(45) NOT NULL,
  `timestamp` int(10) UNSIGNED NOT NULL DEFAULT 0,
  `data` blob NOT NULL
) ENGINE=InnoDB DEFAULT CHARSET=utf8mb4;

--
-- Dumping data untuk tabel `ci_sessions`
--

INSERT INTO `ci_sessions` (`id`, `ip_address`, `timestamp`, `data`) VALUES
('cd3com6ihsh0fudk8uo453gv0v0dsvji', '::1', 1669973345, 0x5f5f63695f6c6173745f726567656e65726174657c693a313636393937333334353b5573657249447c733a313a2232223b557365727c733a32333a224341524f4c5553205249434f20414c4445414e544f524f223b6c6576656c7c733a373a2270656761776169223b666f746f7c733a383a22416c64652e4a5047223b),
('vo4fbn575lv0t879clkvbbtrhq7pvqcj', '::1', 1669974109, 0x5f5f63695f6c6173745f726567656e65726174657c693a313636393937343130393b5573657249447c733a313a2231223b557365727c733a32333a224341524f4c5553205249434f20414c4445414e544f524f223b6c6576656c7c733a353a2261646d696e223b666f746f7c733a31383a22666f746f313636393937323238362e4a5047223b),
('6e7au1ooc3qajhp3hdrqs8mloe506k2t', '::1', 1669974477, 0x5f5f63695f6c6173745f726567656e65726174657c693a313636393937343437373b5573657249447c733a313a2231223b557365727c733a32333a224341524f4c5553205249434f20414c4445414e544f524f223b6c6576656c7c733a353a2261646d696e223b666f746f7c733a31383a22666f746f313636393937323238362e4a5047223b),
('7n2eh63qptju784q1fi09b8dumhojanb', '::1', 1669975113, 0x5f5f63695f6c6173745f726567656e65726174657c693a313636393937353131333b5573657249447c733a313a2231223b557365727c733a32333a224341524f4c5553205249434f20414c4445414e544f524f223b6c6576656c7c733a353a2261646d696e223b666f746f7c733a31383a22666f746f313636393937323238362e4a5047223b),
('gk98h5rqb8m453muggi818kql0v1jelk', '::1', 1669975455, 0x5f5f63695f6c6173745f726567656e65726174657c693a313636393937353435353b5573657249447c733a313a2231223b557365727c733a32333a224341524f4c5553205249434f20414c4445414e544f524f223b6c6576656c7c733a353a2261646d696e223b666f746f7c733a31383a22666f746f313636393937323238362e4a5047223b),
('vklrrp4g6iqf4dek9kd8laju7miqj3rh', '::1', 1669975772, 0x5f5f63695f6c6173745f726567656e65726174657c693a313636393937353737323b5573657249447c733a313a2231223b557365727c733a32333a224341524f4c5553205249434f20414c4445414e544f524f223b6c6576656c7c733a353a2261646d696e223b666f746f7c733a31383a22666f746f313636393937323238362e4a5047223b),
('g0dii07h16o7r878ddpluuhpt0fpc5ff', '::1', 1669976769, 0x5f5f63695f6c6173745f726567656e65726174657c693a313636393937363736393b5573657249447c733a313a2231223b557365727c733a32333a224341524f4c5553205249434f20414c4445414e544f524f223b6c6576656c7c733a353a2261646d696e223b666f746f7c733a31383a22666f746f313636393937323238362e4a5047223b),
('5rmtld9dqk01vnvo0g9quf42cspvafrs', '::1', 1669977134, 0x5f5f63695f6c6173745f726567656e65726174657c693a313636393937373133343b5573657249447c733a313a2231223b557365727c733a353a2241646d696e223b6c6576656c7c733a353a2261646d696e223b666f746f7c733a31383a22666f746f313636393937363933392e706e67223b),
('rlta13m8pj8b5um0sni25l22lab23h07', '::1', 1669977436, 0x5f5f63695f6c6173745f726567656e65726174657c693a313636393937373433363b5573657249447c733a313a2231223b557365727c733a353a2241646d696e223b6c6576656c7c733a353a2261646d696e223b666f746f7c733a31383a22666f746f313636393937363933392e706e67223b),
('9i14aqsacauoemhkosnc2u4gvig9bcpn', '::1', 1669977992, 0x5f5f63695f6c6173745f726567656e65726174657c693a313636393937373939323b5573657249447c733a313a2231223b557365727c733a353a2241646d696e223b6c6576656c7c733a353a2261646d696e223b666f746f7c733a31383a22666f746f313636393937363933392e706e67223b636172745f636f6e74656e74737c613a333a7b733a31303a22636172745f746f74616c223b643a393030303030303b733a31313a22746f74616c5f6974656d73223b643a31303b733a33323a223764336538356662353034653564613363346564363366356366363964303237223b613a363a7b733a323a226964223b733a363a22584941523541223b733a333a22717479223b643a31303b733a353a227072696365223b643a3930303030303b733a343a226e616d65223b733a31353a225869616f6d69205265646d69203541223b733a353a22726f776964223b733a33323a223764336538356662353034653564613363346564363366356366363964303237223b733a383a22737562746f74616c223b643a393030303030303b7d7d),
('flfj9smv30urfpuifoacgm20nku41aq7', '::1', 1669978624, 0x5f5f63695f6c6173745f726567656e65726174657c693a313636393937383632343b5573657249447c733a313a2231223b557365727c733a353a2241646d696e223b6c6576656c7c733a353a2261646d696e223b666f746f7c733a31383a22666f746f313636393937363933392e706e67223b),
('cpqmj444o9h3rrqen3gmckskug7l11ko', '::1', 1669979024, 0x5f5f63695f6c6173745f726567656e65726174657c693a313636393937393032343b5573657249447c733a313a2231223b557365727c733a353a2241646d696e223b6c6576656c7c733a353a2261646d696e223b666f746f7c733a31383a22666f746f313636393937363933392e706e67223b),
('7090hrcnhbu4kt063sovmvr8b5t5u93m', '::1', 1669980065, 0x5f5f63695f6c6173745f726567656e65726174657c693a313636393938303036353b5573657249447c733a313a2231223b557365727c733a353a2241646d696e223b6c6576656c7c733a353a2261646d696e223b666f746f7c733a31383a22666f746f313636393937363933392e706e67223b636172745f636f6e74656e74737c613a343a7b733a31303a22636172745f746f74616c223b643a313430353030303b733a31313a22746f74616c5f6974656d73223b643a323b733a33323a223764336538356662353034653564613363346564363366356366363964303237223b613a363a7b733a323a226964223b733a363a22584941523541223b733a333a22717479223b643a313b733a353a227072696365223b643a3638303030303b733a343a226e616d65223b733a31353a225869616f6d69205265646d69203541223b733a353a22726f776964223b733a33323a223764336538356662353034653564613363346564363366356366363964303237223b733a383a22737562746f74616c223b643a3638303030303b7d733a33323a223166316333326337346165343064636261366437333131313762356634663638223b613a363a7b733a323a226964223b733a363a2258524e323136223b733a333a22717479223b643a313b733a353a227072696365223b643a3732353030303b733a343a226e616d65223b733a32343a225869616f6d69205265646d69204e6f746520322031364742223b733a353a22726f776964223b733a33323a223166316333326337346165343064636261366437333131313762356634663638223b733a383a22737562746f74616c223b643a3732353030303b7d7d),
('c13e9kqsg335qk8114qis57kk6uq0g0k', '::1', 1669980455, 0x5f5f63695f6c6173745f726567656e65726174657c693a313636393938303435353b5573657249447c733a313a2231223b557365727c733a353a2241646d696e223b6c6576656c7c733a353a2261646d696e223b666f746f7c733a31383a22666f746f313636393937363933392e706e67223b),
('532g7ppbq90mc83p103gn2n9po0lukrt', '::1', 1669981011, 0x5f5f63695f6c6173745f726567656e65726174657c693a313636393938313031313b5573657249447c733a313a2231223b557365727c733a353a2241646d696e223b6c6576656c7c733a353a2261646d696e223b666f746f7c733a31383a22666f746f313636393937363933392e706e67223b),
('pebmr579ad34qtc0pjli9kfi773d25d8', '::1', 1669981354, 0x5f5f63695f6c6173745f726567656e65726174657c693a313636393938313335343b5573657249447c733a313a2232223b557365727c733a32333a224341524f4c5553205249434f20414c4445414e544f524f223b6c6576656c7c733a373a2270656761776169223b666f746f7c733a383a22416c64652e4a5047223b),
('83bpjqklj8md9p01aka8vugannlr31qm', '::1', 1669981745, 0x5f5f63695f6c6173745f726567656e65726174657c693a313636393938313734353b5573657249447c733a313a2232223b557365727c733a32333a224341524f4c5553205249434f20414c4445414e544f524f223b6c6576656c7c733a373a2270656761776169223b666f746f7c733a383a22416c64652e4a5047223b),
('7igurobtsnc84eqtf3b09fv5uejbolmp', '::1', 1669982271, 0x5f5f63695f6c6173745f726567656e65726174657c693a313636393938323237313b5573657249447c733a313a2232223b557365727c733a32333a224341524f4c5553205249434f20414c4445414e544f524f223b6c6576656c7c733a373a2270656761776169223b666f746f7c733a383a22416c64652e4a5047223b),
('a42ge6qm45ftuak90aql95og5s50jabd', '::1', 1669982785, 0x5f5f63695f6c6173745f726567656e65726174657c693a313636393938323738353b5573657249447c733a313a2231223b557365727c733a353a2241646d696e223b6c6576656c7c733a353a2261646d696e223b666f746f7c733a31383a22666f746f313636393937363933392e706e67223b),
('v0m1aqm7tmbntd1vmteomnf84k7qvgva', '::1', 1669983359, 0x5f5f63695f6c6173745f726567656e65726174657c693a313636393938333335393b5573657249447c733a313a2231223b557365727c733a353a2241646d696e223b6c6576656c7c733a353a2261646d696e223b666f746f7c733a31383a22666f746f313636393937363933392e706e67223b),
('ee4mh5r0ac3hmnk1vj51g7eqarhdfvlk', '::1', 1669983966, 0x5f5f63695f6c6173745f726567656e65726174657c693a313636393938333936363b5573657249447c733a313a2231223b557365727c733a353a2241646d696e223b6c6576656c7c733a353a2261646d696e223b666f746f7c733a31383a22666f746f313636393937363933392e706e67223b),
('b34pani51kp2gn6v94a4qb7b0h06tsk6', '::1', 1669985058, 0x5f5f63695f6c6173745f726567656e65726174657c693a313636393938353035383b5573657249447c733a313a2231223b557365727c733a353a2241646d696e223b6c6576656c7c733a353a2261646d696e223b666f746f7c733a31383a22666f746f313636393937363933392e706e67223b),
('17k71qdjm91euuus658hnlcja8muop9r', '::1', 1669986428, 0x5f5f63695f6c6173745f726567656e65726174657c693a313636393938363432383b5573657249447c733a313a2239223b557365727c733a32333a224341524f4c5553205249434f20414c4445414e544f524f223b6c6576656c7c733a373a2270656761776169223b666f746f7c733a31383a22666f746f313636393938323837352e4a5047223b),
('b8b0d49he8qcbr41kqbfprndme5u2ref', '::1', 1669987059, 0x5f5f63695f6c6173745f726567656e65726174657c693a313636393938373035393b5573657249447c733a313a2239223b557365727c733a32333a224341524f4c5553205249434f20414c4445414e544f524f223b6c6576656c7c733a373a2270656761776169223b666f746f7c733a31383a22666f746f313636393938323837352e4a5047223b),
('da2fkiobjjhcsm89128jnb9iefrue435', '::1', 1669987073, 0x5f5f63695f6c6173745f726567656e65726174657c693a313636393938373035393b5573657249447c733a313a2239223b557365727c733a32333a224341524f4c5553205249434f20414c4445414e544f524f223b6c6576656c7c733a373a2270656761776169223b666f746f7c733a31383a22666f746f313636393938323837352e4a5047223b);

-- --------------------------------------------------------

--
-- Struktur dari tabel `tbl_barang`
--

CREATE TABLE `tbl_barang` (
  `kode_barang` varchar(6) NOT NULL,
  `nama_barang` varchar(255) NOT NULL,
  `brand` varchar(255) NOT NULL,
  `stok` int(11) NOT NULL DEFAULT 0,
  `harga` double NOT NULL,
  `active` enum('Y','N') NOT NULL DEFAULT 'Y'
) ENGINE=InnoDB DEFAULT CHARSET=utf8mb4;

--
-- Dumping data untuk tabel `tbl_barang`
--

INSERT INTO `tbl_barang` (`kode_barang`, `nama_barang`, `brand`, `stok`, `harga`, `active`) VALUES
('ADNAPS', 'Advan NASA Plus', 'Advan', 10, 770000, 'Y'),
('AG5ELE', 'Advan G5 Elite', 'Advan', 10, 882000, 'Y'),
('EVM6A', 'Evercoss M6A', 'Evercoss', 10, 935000, 'Y'),
('ITVN1', 'Itel Vision 1', 'Vision', 10, 975000, 'Y'),
('NKC120', 'Nokia C1 2020', 'Nokia', 10, 765000, 'Y'),
('SGA01C', 'Samsung Galaxy A01 Core', 'Samsung', 10, 970000, 'Y'),
('XIAR5A', 'Xiaomi Redmi 5A', 'Xiaomi', 5, 680000, 'Y'),
('XRN216', 'Xiaomi Redmi Note 2 16GB', 'Xiaomi', 3, 725000, 'Y');

-- --------------------------------------------------------

--
-- Struktur dari tabel `tbl_detail_pembelian`
--

CREATE TABLE `tbl_detail_pembelian` (
  `id_pembelian` varchar(20) NOT NULL,
  `id_barang` varchar(6) NOT NULL,
  `qty` smallint(6) NOT NULL,
  `harga` double NOT NULL
) ENGINE=InnoDB DEFAULT CHARSET=utf8mb4;

--
-- Dumping data untuk tabel `tbl_detail_pembelian`
--

INSERT INTO `tbl_detail_pembelian` (`id_pembelian`, `id_barang`, `qty`, `harga`) VALUES
('ID1669977992', 'XIAR5A', 10, 900000),
('ID1669978232', 'XRN216', 15, 900000);

--
-- Trigger `tbl_detail_pembelian`
--
DELIMITER $$
CREATE TRIGGER `pembelian_barang` AFTER INSERT ON `tbl_detail_pembelian` FOR EACH ROW BEGIN
	UPDATE tbl_barang b SET b.stok = b.stok + new.qty
    WHERE b.kode_barang = new.id_barang;
END
$$
DELIMITER ;
DELIMITER $$
CREATE TRIGGER `update_pembelian` AFTER DELETE ON `tbl_detail_pembelian` FOR EACH ROW BEGIN
	UPDATE tbl_barang b SET b.stok = b.stok - old.qty
    WHERE b.kode_barang = old.id_barang;
END
$$
DELIMITER ;

-- --------------------------------------------------------

--
-- Struktur dari tabel `tbl_detail_penjualan`
--

CREATE TABLE `tbl_detail_penjualan` (
  `id_penjualan` varchar(20) NOT NULL,
  `id_barang` varchar(6) NOT NULL,
  `qty` smallint(6) NOT NULL,
  `harga` double NOT NULL
) ENGINE=InnoDB DEFAULT CHARSET=utf8mb4;

--
-- Dumping data untuk tabel `tbl_detail_penjualan`
--

INSERT INTO `tbl_detail_penjualan` (`id_penjualan`, `id_barang`, `qty`, `harga`) VALUES
('ID1669980213', 'XRN216', 22, 725000),
('ID1669980065', 'XIAR5A', 15, 680000);

--
-- Trigger `tbl_detail_penjualan`
--
DELIMITER $$
CREATE TRIGGER `penjualan_barang` AFTER INSERT ON `tbl_detail_penjualan` FOR EACH ROW BEGIN
	UPDATE tbl_barang b SET b.stok = b.stok - new.qty
    WHERE b.kode_barang = new.id_barang;
END
$$
DELIMITER ;
DELIMITER $$
CREATE TRIGGER `update_penjualan` AFTER DELETE ON `tbl_detail_penjualan` FOR EACH ROW BEGIN
	UPDATE tbl_barang b SET b.stok = b.stok + old.qty
    WHERE b.kode_barang = old.id_barang;
END
$$
DELIMITER ;

-- --------------------------------------------------------

--
-- Struktur dari tabel `tbl_pembelian`
--

CREATE TABLE `tbl_pembelian` (
  `id_pembelian` varchar(20) NOT NULL,
  `tgl_pembelian` date NOT NULL,
  `id_supplier` varchar(15) NOT NULL,
  `id_user` int(11) NOT NULL
) ENGINE=InnoDB DEFAULT CHARSET=utf8mb4;

--
-- Dumping data untuk tabel `tbl_pembelian`
--

INSERT INTO `tbl_pembelian` (`id_pembelian`, `tgl_pembelian`, `id_supplier`, `id_user`) VALUES
('ID1669977992', '2022-12-02', 'ID1669975895', 1),
('ID1669978232', '2021-12-02', 'ID1669975834', 1);

-- --------------------------------------------------------

--
-- Struktur dari tabel `tbl_penjualan`
--

CREATE TABLE `tbl_penjualan` (
  `id_penjualan` varchar(20) NOT NULL,
  `nama_pembeli` varchar(30) NOT NULL,
  `tgl_penjualan` date NOT NULL,
  `id_user` int(11) NOT NULL
) ENGINE=InnoDB DEFAULT CHARSET=utf8mb4;

--
-- Dumping data untuk tabel `tbl_penjualan`
--

INSERT INTO `tbl_penjualan` (`id_penjualan`, `nama_pembeli`, `tgl_penjualan`, `id_user`) VALUES
('ID1669980065', 'Siska', '2022-12-02', 1),
('ID1669980213', 'aldi', '2021-12-02', 1);

-- --------------------------------------------------------

--
-- Struktur dari tabel `tbl_supplier`
--

CREATE TABLE `tbl_supplier` (
  `id_supplier` varchar(15) NOT NULL,
  `nama_supplier` varchar(255) NOT NULL,
  `alamat` varchar(255) NOT NULL,
  `telp` varchar(20) NOT NULL
) ENGINE=InnoDB DEFAULT CHARSET=utf8mb4;

--
-- Dumping data untuk tabel `tbl_supplier`
--

INSERT INTO `tbl_supplier` (`id_supplier`, `nama_supplier`, `alamat`, `telp`) VALUES
('ID1669975834', 'Toko Anu', 'Jalan Mimpi', '085155222200'),
('ID1669975895', 'Toko Anugerah', 'jln.jogja-solo', '08571231341');

-- --------------------------------------------------------

--
-- Struktur dari tabel `tbl_user`
--

CREATE TABLE `tbl_user` (
  `id_user` int(11) NOT NULL,
  `username` varchar(30) NOT NULL,
  `fullname` varchar(50) NOT NULL,
  `password` varchar(90) NOT NULL,
  `alamat` varchar(90) NOT NULL,
  `hp` varchar(20) NOT NULL,
  `foto` varchar(50) NOT NULL DEFAULT 'default.jpg',
  `level` enum('admin','pegawai') NOT NULL,
  `active` enum('Y','N') NOT NULL DEFAULT 'Y',
  `last_login` datetime DEFAULT NULL
) ENGINE=InnoDB DEFAULT CHARSET=utf8mb4;

--
-- Dumping data untuk tabel `tbl_user`
--

INSERT INTO `tbl_user` (`id_user`, `username`, `fullname`, `password`, `alamat`, `hp`, `foto`, `level`, `active`, `last_login`) VALUES
(1, 'admin', 'Admin', '$2y$08$BO41OJFfhPPPzjKdWw2I6OyUElK1mkD43UVt1ss6J1xrVUExC1lRy', 'Perum Citra Ringin Mas B-43 Babadan,RT/RW 008/003,Purwomartani,Kalasan,Sleman,yogyakarta', '085156225593', 'foto1669976939.png', 'admin', 'Y', '2022-12-02 19:45:49'),
(9, 'Alde46', 'CAROLUS RICO ALDEANTORO', '$2y$10$BftZZwk0nm3caFtbADZ/5OBu/Ye87TLAWwKw608sYw.Y2wKKTnHzy', 'Perum Citra Ringin Mas B-43 BabadanPurwomartani,Kalasan,Sleman,yogyakarta', '085155222106', 'foto1669982875.JPG', 'pegawai', 'Y', '2022-12-02 19:31:18');

--
-- Indexes for dumped tables
--

--
-- Indeks untuk tabel `ci_sessions`
--
ALTER TABLE `ci_sessions`
  ADD KEY `ci_sessions_timestamp` (`timestamp`);

--
-- Indeks untuk tabel `tbl_barang`
--
ALTER TABLE `tbl_barang`
  ADD PRIMARY KEY (`kode_barang`);

--
-- Indeks untuk tabel `tbl_pembelian`
--
ALTER TABLE `tbl_pembelian`
  ADD PRIMARY KEY (`id_pembelian`);

--
-- Indeks untuk tabel `tbl_penjualan`
--
ALTER TABLE `tbl_penjualan`
  ADD PRIMARY KEY (`id_penjualan`);

--
-- Indeks untuk tabel `tbl_supplier`
--
ALTER TABLE `tbl_supplier`
  ADD PRIMARY KEY (`id_supplier`);

--
-- Indeks untuk tabel `tbl_user`
--
ALTER TABLE `tbl_user`
  ADD PRIMARY KEY (`id_user`),
  ADD UNIQUE KEY `username` (`username`);

--
-- AUTO_INCREMENT untuk tabel yang dibuang
--

--
-- AUTO_INCREMENT untuk tabel `tbl_user`
--
ALTER TABLE `tbl_user`
  MODIFY `id_user` int(11) NOT NULL AUTO_INCREMENT, AUTO_INCREMENT=10;
COMMIT;

/*!40101 SET CHARACTER_SET_CLIENT=@OLD_CHARACTER_SET_CLIENT */;
/*!40101 SET CHARACTER_SET_RESULTS=@OLD_CHARACTER_SET_RESULTS */;
/*!40101 SET COLLATION_CONNECTION=@OLD_COLLATION_CONNECTION */;
