-- phpMyAdmin SQL Dump
-- version 5.1.1
-- https://www.phpmyadmin.net/
--
-- Host: 127.0.0.1
-- Waktu pembuatan: 12 Des 2022 pada 17.58
-- Versi server: 10.4.22-MariaDB
-- Versi PHP: 7.3.33

SET SQL_MODE = "NO_AUTO_VALUE_ON_ZERO";
START TRANSACTION;
SET time_zone = "+00:00";


/*!40101 SET @OLD_CHARACTER_SET_CLIENT=@@CHARACTER_SET_CLIENT */;
/*!40101 SET @OLD_CHARACTER_SET_RESULTS=@@CHARACTER_SET_RESULTS */;
/*!40101 SET @OLD_COLLATION_CONNECTION=@@COLLATION_CONNECTION */;
/*!40101 SET NAMES utf8mb4 */;

--
-- Database: `db_koperasiusd`
--

-- --------------------------------------------------------

--
-- Struktur dari tabel `ci_sessions`
--

CREATE TABLE `ci_sessions` (
  `id` varchar(128) NOT NULL,
  `ip_address` varchar(45) NOT NULL,
  `timestamp` int(10) UNSIGNED NOT NULL DEFAULT 0,
  `data` blob NOT NULL
) ENGINE=InnoDB DEFAULT CHARSET=utf8mb4;

--
-- Dumping data untuk tabel `ci_sessions`
--

INSERT INTO `ci_sessions` (`id`, `ip_address`, `timestamp`, `data`) VALUES
('fdp9eqte7bgu6igsgi0pchuf68cevdsi', '::1', 1669990722, 0x5f5f63695f6c6173745f726567656e65726174657c693a313636393939303732323b5573657249447c733a313a2239223b557365727c733a32333a224341524f4c5553205249434f20414c4445414e544f524f223b6c6576656c7c733a373a2270656761776169223b666f746f7c733a31383a22666f746f313636393938383834322e4a5047223b),
('8vi0mecpqnos25vse5636on7kn1auumd', '::1', 1669992130, 0x5f5f63695f6c6173745f726567656e65726174657c693a313636393939323133303b),
('n74chv790p5rmimjvooda65rl6chfk3l', '::1', 1669992617, 0x5f5f63695f6c6173745f726567656e65726174657c693a313636393939323631373b5573657249447c733a313a2231223b557365727c733a353a2241646d696e223b6c6576656c7c733a353a2261646d696e223b666f746f7c733a31383a22666f746f313636393937363933392e706e67223b),
('ssvbb538vcvtc4rk2aokpuspj2i6i8k4', '::1', 1669996269, 0x5f5f63695f6c6173745f726567656e65726174657c693a313636393939363236393b5573657249447c733a313a2231223b557365727c733a353a2241646d696e223b6c6576656c7c733a353a2261646d696e223b666f746f7c733a31383a22666f746f313636393937363933392e706e67223b),
('ndo9cgv9hbthq9f8srrjvijrt1lreete', '::1', 1669997156, 0x5f5f63695f6c6173745f726567656e65726174657c693a313636393939373135363b5573657249447c733a313a2231223b557365727c733a353a2241646d696e223b6c6576656c7c733a353a2261646d696e223b666f746f7c733a31383a22666f746f313636393937363933392e706e67223b),
('obaga2oke9r186c9quaehb307nouriuo', '::1', 1669997470, 0x5f5f63695f6c6173745f726567656e65726174657c693a313636393939373437303b5573657249447c733a313a2231223b557365727c733a353a2241646d696e223b6c6576656c7c733a353a2261646d696e223b666f746f7c733a31383a22666f746f313636393939373431372e706e67223b737563636573737c733a32383a2250726f66696c20626572686173696c20646970657262617275692e2e223b5f5f63695f766172737c613a313a7b733a373a2273756363657373223b733a333a226f6c64223b7d),
('gjeme6nkckae1chdl6ao44bujq47tae1', '::1', 1669998036, 0x5f5f63695f6c6173745f726567656e65726174657c693a313636393939383033363b5573657249447c733a313a2231223b557365727c733a353a2241646d696e223b6c6576656c7c733a353a2261646d696e223b666f746f7c733a31383a22666f746f313636393939373431372e706e67223b),
('uieev7mpuq76kgvqng2d0ghc6hlf382l', '::1', 1669998343, 0x5f5f63695f6c6173745f726567656e65726174657c693a313636393939383334333b5573657249447c733a313a2231223b557365727c733a353a2241646d696e223b6c6576656c7c733a353a2261646d696e223b666f746f7c733a31383a22666f746f313636393939373431372e706e67223b),
('i7k75tpvv0r4875comr8t76ef31iaj4k', '::1', 1669998753, 0x5f5f63695f6c6173745f726567656e65726174657c693a313636393939383735333b5573657249447c733a313a2231223b557365727c733a353a2241646d696e223b6c6576656c7c733a353a2261646d696e223b666f746f7c733a31383a22666f746f313636393939373431372e706e67223b),
('lr542qtb1lqbev7gkk0p6vn3mm4fhi1t', '::1', 1669999077, 0x5f5f63695f6c6173745f726567656e65726174657c693a313636393939393037373b5573657249447c733a313a2231223b557365727c733a353a2241646d696e223b6c6576656c7c733a353a2261646d696e223b666f746f7c733a31383a22666f746f313636393939373431372e706e67223b),
('e90e7pacapn3n02pmaholphktf381iu1', '::1', 1669999393, 0x5f5f63695f6c6173745f726567656e65726174657c693a313636393939393339333b5573657249447c733a313a2231223b557365727c733a353a2241646d696e223b6c6576656c7c733a353a2261646d696e223b666f746f7c733a31383a22666f746f313636393939373431372e706e67223b),
('caqvoc81tbv4kd4ptd086hvefep2102g', '::1', 1669999759, 0x5f5f63695f6c6173745f726567656e65726174657c693a313636393939393735393b5573657249447c733a313a2239223b557365727c733a32333a224341524f4c5553205249434f20414c4445414e544f524f223b6c6576656c7c733a373a2270656761776169223b666f746f7c733a31383a22666f746f313636393938383834322e4a5047223b),
('9jecm1s5q0hue3plbkvrntms2td135r9', '::1', 1670001740, 0x5f5f63695f6c6173745f726567656e65726174657c693a313637303030313734303b5573657249447c733a313a2239223b557365727c733a32333a224341524f4c5553205249434f20414c4445414e544f524f223b6c6576656c7c733a373a2270656761776169223b666f746f7c733a31383a22666f746f313636393938383834322e4a5047223b),
('9nirnvdtkevhm307gi3e6ibb1gkfrue4', '::1', 1670002543, 0x5f5f63695f6c6173745f726567656e65726174657c693a313637303030323534333b5573657249447c733a313a2239223b557365727c733a32333a224341524f4c5553205249434f20414c4445414e544f524f223b6c6576656c7c733a373a2270656761776169223b666f746f7c733a31383a22666f746f313636393938383834322e4a5047223b),
('j2vhq949qgp6ca449afsfnr28ec449eh', '::1', 1670002847, 0x5f5f63695f6c6173745f726567656e65726174657c693a313637303030323834373b5573657249447c733a313a2239223b557365727c733a32333a224341524f4c5553205249434f20414c4445414e544f524f223b6c6576656c7c733a373a2270656761776169223b666f746f7c733a31383a22666f746f313636393938383834322e4a5047223b),
('tl51vs3t5blch57js3i83126fipnqe7r', '::1', 1670003218, 0x5f5f63695f6c6173745f726567656e65726174657c693a313637303030333231383b5573657249447c733a313a2239223b557365727c733a32333a224341524f4c5553205249434f20414c4445414e544f524f223b6c6576656c7c733a373a2270656761776169223b666f746f7c733a31383a22666f746f313636393938383834322e4a5047223b),
('d53khhpv0pfh5r57oc1c7sgs7mh3hge5', '::1', 1670003930, 0x5f5f63695f6c6173745f726567656e65726174657c693a313637303030333933303b5573657249447c733a313a2231223b557365727c733a353a2241646d696e223b6c6576656c7c733a353a2261646d696e223b666f746f7c733a31383a22666f746f313636393939373431372e706e67223b),
('ak1vsi6alacfsviautm65o8j3iv5blr3', '::1', 1670004293, 0x5f5f63695f6c6173745f726567656e65726174657c693a313637303030343239333b5573657249447c733a313a2231223b557365727c733a353a2241646d696e223b6c6576656c7c733a353a2261646d696e223b666f746f7c733a31383a22666f746f313636393939373431372e706e67223b),
('g4hkp6spla81v6kaq1e4i6phag0f0b2r', '::1', 1670004846, 0x5f5f63695f6c6173745f726567656e65726174657c693a313637303030343834363b5573657249447c733a313a2231223b557365727c733a353a2241646d696e223b6c6576656c7c733a353a2261646d696e223b666f746f7c733a31383a22666f746f313636393939373431372e706e67223b),
('t4erkvipsokv0nkb6pf01t45uja0tjun', '::1', 1670005118, 0x5f5f63695f6c6173745f726567656e65726174657c693a313637303030343834363b5573657249447c733a313a2231223b557365727c733a353a2241646d696e223b6c6576656c7c733a353a2261646d696e223b666f746f7c733a31383a22666f746f313636393939373431372e706e67223b),
('cciierqimlcomvk4b8oiq2956oifm6k1', '::1', 1670090528, 0x5f5f63695f6c6173745f726567656e65726174657c693a313637303039303532383b),
('kg1t5rn1nd2sb7af6q2n6nan22un6uhi', '::1', 1670694514, 0x5f5f63695f6c6173745f726567656e65726174657c693a313637303639343434363b5573657249447c733a313a2231223b557365727c733a353a2241646d696e223b6c6576656c7c733a353a2261646d696e223b666f746f7c733a31383a22666f746f313636393939373431372e706e67223b),
('1as3kreu0vu9ugasun04gk07c3gdk1qd', '::1', 1670772877, 0x5f5f63695f6c6173745f726567656e65726174657c693a313637303737323837373b5573657249447c733a313a2231223b557365727c733a353a2241646d696e223b6c6576656c7c733a353a2261646d696e223b666f746f7c733a31383a22666f746f313636393939373431372e706e67223b),
('b8080n45cdlhktaberhloi3cd7rvnj5m', '::1', 1670773210, 0x5f5f63695f6c6173745f726567656e65726174657c693a313637303737333231303b5573657249447c733a313a2231223b557365727c733a353a2241646d696e223b6c6576656c7c733a353a2261646d696e223b666f746f7c733a31383a22666f746f313636393939373431372e706e67223b),
('rqe24tn8dkj0pui50nofhpeskvbnkb2q', '::1', 1670773780, 0x5f5f63695f6c6173745f726567656e65726174657c693a313637303737333738303b5573657249447c733a313a2231223b557365727c733a353a2241646d696e223b6c6576656c7c733a353a2261646d696e223b666f746f7c733a31383a22666f746f313636393939373431372e706e67223b),
('ruo6gb38am14j1d8avk1cpablftu82e5', '::1', 1670775458, 0x5f5f63695f6c6173745f726567656e65726174657c693a313637303737333738303b5573657249447c733a313a2231223b557365727c733a353a2241646d696e223b6c6576656c7c733a353a2261646d696e223b666f746f7c733a31383a22666f746f313636393939373431372e706e67223b),
('bnu3t2879dm9kduj74e2c1odm84tg37v', '::1', 1670776975, 0x5f5f63695f6c6173745f726567656e65726174657c693a313637303737363937353b),
('q2cvrstr81ev6icmoc8dr4lt4vhoitld', '::1', 1670778254, 0x5f5f63695f6c6173745f726567656e65726174657c693a313637303737383235343b),
('nrqsioha29grqg5strtd5haemj9p7d9i', '::1', 1670781930, 0x5f5f63695f6c6173745f726567656e65726174657c693a313637303738313933303b5573657249447c733a313a2239223b557365727c733a32333a224341524f4c5553205249434f20414c4445414e544f524f223b6c6576656c7c733a373a2270656761776169223b666f746f7c733a31383a22666f746f313636393938383834322e4a5047223b),
('vav4bope64o13eeqgopjd3r8jcgifah5', '::1', 1670781952, 0x5f5f63695f6c6173745f726567656e65726174657c693a313637303738313935323b),
('q0bv1mjbem3agtndj972dhd97a4j3btf', '::1', 1670860797, 0x5f5f63695f6c6173745f726567656e65726174657c693a313637303836303739373b5573657249447c733a313a2231223b557365727c733a353a2241646d696e223b6c6576656c7c733a353a2261646d696e223b666f746f7c733a31383a22666f746f313636393939373431372e706e67223b),
('i0reorelp733d7mhlmgv2be6rk51ahk1', '::1', 1670861121, 0x5f5f63695f6c6173745f726567656e65726174657c693a313637303836313132313b5573657249447c733a313a2231223b557365727c733a353a2241646d696e223b6c6576656c7c733a353a2261646d696e223b666f746f7c733a31383a22666f746f313636393939373431372e706e67223b),
('5jlkai07jgel95lo37krv26lanjn05p0', '::1', 1670861545, 0x5f5f63695f6c6173745f726567656e65726174657c693a313637303836313534353b5573657249447c733a313a2231223b557365727c733a353a2241646d696e223b6c6576656c7c733a353a2261646d696e223b666f746f7c733a31383a22666f746f313636393939373431372e706e67223b636172745f636f6e74656e74737c613a333a7b733a31303a22636172745f746f74616c223b643a36303030303b733a31313a22746f74616c5f6974656d73223b643a35303b733a33323a223339616634323733633965313037613261643264303462373633333535613435223b613a363a7b733a323a226964223b733a343a22502d3838223b733a333a22717479223b643a35303b733a353a227072696365223b643a313230303b733a343a226e616d65223b733a32303a2250656e73696c204b617975204a6f796b6f203242223b733a353a22726f776964223b733a33323a223339616634323733633965313037613261643264303462373633333535613435223b733a383a22737562746f74616c223b643a36303030303b7d7d),
('pmnicvtcirj98lf3o8okppecj2nnoilk', '::1', 1670861876, 0x5f5f63695f6c6173745f726567656e65726174657c693a313637303836313837363b5573657249447c733a313a2231223b557365727c733a353a2241646d696e223b6c6576656c7c733a353a2261646d696e223b666f746f7c733a31383a22666f746f313636393939373431372e706e67223b),
('dbb9bgedns0ifspdidhgkimr1j301t7a', '::1', 1670862189, 0x5f5f63695f6c6173745f726567656e65726174657c693a313637303836323138393b5573657249447c733a313a2231223b557365727c733a353a2241646d696e223b6c6576656c7c733a353a2261646d696e223b666f746f7c733a31383a22666f746f313636393939373431372e706e67223b),
('ctsfaje93sehoj57pnlb9g9cn9pei1e1', '::1', 1670862502, 0x5f5f63695f6c6173745f726567656e65726174657c693a313637303836323530323b5573657249447c733a313a2231223b557365727c733a353a2241646d696e223b6c6576656c7c733a353a2261646d696e223b666f746f7c733a31383a22666f746f313636393939373431372e706e67223b),
('mk87aqlci9nstrkk1ko73c73q5o584go', '::1', 1670862807, 0x5f5f63695f6c6173745f726567656e65726174657c693a313637303836323830373b5573657249447c733a313a2231223b557365727c733a353a2241646d696e223b6c6576656c7c733a353a2261646d696e223b666f746f7c733a31383a22666f746f313636393939373431372e706e67223b),
('vf928j6o0l6j80hog4hp1nm79olc5e3l', '::1', 1670863110, 0x5f5f63695f6c6173745f726567656e65726174657c693a313637303836333131303b5573657249447c733a313a2231223b557365727c733a353a2241646d696e223b6c6576656c7c733a353a2261646d696e223b666f746f7c733a31383a22666f746f313636393939373431372e706e67223b),
('0idq3snbg578sqf1b5u0rqnf0dcvfv1f', '::1', 1670863418, 0x5f5f63695f6c6173745f726567656e65726174657c693a313637303836333431383b5573657249447c733a313a2231223b557365727c733a353a2241646d696e223b6c6576656c7c733a353a2261646d696e223b666f746f7c733a31383a22666f746f313636393939373431372e706e67223b),
('n4s86jl6q9gp7otbr914pgp9ti1e4q8g', '::1', 1670863726, 0x5f5f63695f6c6173745f726567656e65726174657c693a313637303836333732363b5573657249447c733a313a2231223b557365727c733a353a2241646d696e223b6c6576656c7c733a353a2261646d696e223b666f746f7c733a31383a22666f746f313636393939373431372e706e67223b),
('0tpnbafui09ps8r9ops7an5emmleceqp', '::1', 1670864120, 0x5f5f63695f6c6173745f726567656e65726174657c693a313637303836343132303b5573657249447c733a313a2231223b557365727c733a353a2241646d696e223b6c6576656c7c733a353a2261646d696e223b666f746f7c733a31383a22666f746f313636393939373431372e706e67223b),
('lsa4td9us7eiiq7ucad5egj9ddhtjmm9', '::1', 1670864124, 0x5f5f63695f6c6173745f726567656e65726174657c693a313637303836343132303b5573657249447c733a313a2231223b557365727c733a353a2241646d696e223b6c6576656c7c733a353a2261646d696e223b666f746f7c733a31383a22666f746f313636393939373431372e706e67223b);

-- --------------------------------------------------------

--
-- Struktur dari tabel `tbl_barang`
--

CREATE TABLE `tbl_barang` (
  `kode_barang` varchar(6) NOT NULL,
  `nama_barang` varchar(255) NOT NULL,
  `brand` varchar(255) NOT NULL,
  `stok` int(11) NOT NULL DEFAULT 0,
  `harga` double NOT NULL,
  `active` enum('Y','N') NOT NULL DEFAULT 'Y'
) ENGINE=InnoDB DEFAULT CHARSET=utf8mb4;

--
-- Dumping data untuk tabel `tbl_barang`
--

INSERT INTO `tbl_barang` (`kode_barang`, `nama_barang`, `brand`, `stok`, `harga`, `active`) VALUES
('1272 ', 'Buku Tulis', 'SIDU', 60, 90000, 'Y'),
('1386', 'Kertas HVS 80 Gram A4', 'PaperOne', 5, 80000, 'Y'),
('270', 'Buku Tulis', 'Big Bos/Campus', 20, 64000, 'Y'),
('512', 'Buku Tulis ', 'SINAR DUNIA', 50, 70000, 'Y'),
('526B0 ', 'Penghapus Joyko', 'Joyko', 100, 2200, 'Y'),
('632FKB', 'Pensil FIRST for KIDS 2B', 'FIRST for KIDS', 30, 29000, 'Y'),
('718', 'Kertas Fotocopy 70 GSM F4', 'SIDU', 80, 64000, 'Y'),
('P-88', 'Pensil Kayu Joyko 2B', 'Joyko', 50, 1200, 'Y'),
('SXN157', 'Pulpen Pensil ', 'UNI MITSUBISHI UNIBALL ', 89, 22000, 'Y'),
('UMR87E', 'Refill Pulpen UNIBALL Signo 307 Gel Pen - 0.7 mm ', 'UNIBALL Signo', 55, 20000, 'Y');

-- --------------------------------------------------------

--
-- Struktur dari tabel `tbl_detail_pembelian`
--

CREATE TABLE `tbl_detail_pembelian` (
  `id_pembelian` varchar(20) NOT NULL,
  `id_barang` varchar(6) NOT NULL,
  `qty` smallint(6) NOT NULL,
  `harga` double NOT NULL
) ENGINE=InnoDB DEFAULT CHARSET=utf8mb4;

--
-- Dumping data untuk tabel `tbl_detail_pembelian`
--

INSERT INTO `tbl_detail_pembelian` (`id_pembelian`, `id_barang`, `qty`, `harga`) VALUES
('ID1669977992', 'P-88', 50, 1200),
('ID1670862718', '512', 40, 70000);

--
-- Trigger `tbl_detail_pembelian`
--
DELIMITER $$
CREATE TRIGGER `pembelian_barang` AFTER INSERT ON `tbl_detail_pembelian` FOR EACH ROW BEGIN
	UPDATE tbl_barang b SET b.stok = b.stok + new.qty
    WHERE b.kode_barang = new.id_barang;
END
$$
DELIMITER ;
DELIMITER $$
CREATE TRIGGER `update_pembelian` AFTER DELETE ON `tbl_detail_pembelian` FOR EACH ROW BEGIN
	UPDATE tbl_barang b SET b.stok = b.stok - old.qty
    WHERE b.kode_barang = old.id_barang;
END
$$
DELIMITER ;

-- --------------------------------------------------------

--
-- Struktur dari tabel `tbl_detail_penjualan`
--

CREATE TABLE `tbl_detail_penjualan` (
  `id_penjualan` varchar(20) NOT NULL,
  `id_barang` varchar(6) NOT NULL,
  `qty` smallint(6) NOT NULL,
  `harga` double NOT NULL
) ENGINE=InnoDB DEFAULT CHARSET=utf8mb4;

--
-- Dumping data untuk tabel `tbl_detail_penjualan`
--

INSERT INTO `tbl_detail_penjualan` (`id_penjualan`, `id_barang`, `qty`, `harga`) VALUES
('ID1670863524', 'SXN157', 1, 22000),
('ID1670863608', 'UMR87E', 20, 20000);

--
-- Trigger `tbl_detail_penjualan`
--
DELIMITER $$
CREATE TRIGGER `penjualan_barang` AFTER INSERT ON `tbl_detail_penjualan` FOR EACH ROW BEGIN
	UPDATE tbl_barang b SET b.stok = b.stok - new.qty
    WHERE b.kode_barang = new.id_barang;
END
$$
DELIMITER ;
DELIMITER $$
CREATE TRIGGER `update_penjualan` AFTER DELETE ON `tbl_detail_penjualan` FOR EACH ROW BEGIN
	UPDATE tbl_barang b SET b.stok = b.stok + old.qty
    WHERE b.kode_barang = old.id_barang;
END
$$
DELIMITER ;

-- --------------------------------------------------------

--
-- Struktur dari tabel `tbl_pembelian`
--

CREATE TABLE `tbl_pembelian` (
  `id_pembelian` varchar(20) NOT NULL,
  `tgl_pembelian` date NOT NULL,
  `id_supplier` varchar(15) NOT NULL,
  `id_user` int(11) NOT NULL
) ENGINE=InnoDB DEFAULT CHARSET=utf8mb4;

--
-- Dumping data untuk tabel `tbl_pembelian`
--

INSERT INTO `tbl_pembelian` (`id_pembelian`, `tgl_pembelian`, `id_supplier`, `id_user`) VALUES
('ID1669977992', '2022-12-12', 'ID1669975834', 1),
('ID1670862718', '2022-12-08', 'ID1669975834', 1);

-- --------------------------------------------------------

--
-- Struktur dari tabel `tbl_penjualan`
--

CREATE TABLE `tbl_penjualan` (
  `id_penjualan` varchar(20) NOT NULL,
  `nama_pembeli` varchar(30) NOT NULL,
  `tgl_penjualan` date NOT NULL,
  `id_user` int(11) NOT NULL
) ENGINE=InnoDB DEFAULT CHARSET=utf8mb4;

--
-- Dumping data untuk tabel `tbl_penjualan`
--

INSERT INTO `tbl_penjualan` (`id_penjualan`, `nama_pembeli`, `tgl_penjualan`, `id_user`) VALUES
('ID1670863524', 'Siska', '2022-12-08', 1),
('ID1670863608', 'aldi', '2022-12-12', 1);

-- --------------------------------------------------------

--
-- Struktur dari tabel `tbl_supplier`
--

CREATE TABLE `tbl_supplier` (
  `id_supplier` varchar(15) NOT NULL,
  `nama_supplier` varchar(255) NOT NULL,
  `alamat` varchar(255) NOT NULL,
  `telp` varchar(20) NOT NULL
) ENGINE=InnoDB DEFAULT CHARSET=utf8mb4;

--
-- Dumping data untuk tabel `tbl_supplier`
--

INSERT INTO `tbl_supplier` (`id_supplier`, `nama_supplier`, `alamat`, `telp`) VALUES
('ID1669975834', 'Toko Kado Keluarga', 'Jalan Mimpi', '085155222200'),
('ID1669975895', 'Toko Anugerah', 'Jalan Bulan Sewindu', '08571231341'),
('ID1670005024', 'Toko Muara Salju', 'Jalan Abiyoso Karangmojo,Purwomartani Kalasan,Sleman,Daerah Istimewa Yogyakarta 55571', '087121516126');

-- --------------------------------------------------------

--
-- Struktur dari tabel `tbl_user`
--

CREATE TABLE `tbl_user` (
  `id_user` int(11) NOT NULL,
  `username` varchar(30) NOT NULL,
  `fullname` varchar(50) NOT NULL,
  `password` varchar(90) NOT NULL,
  `alamat` varchar(90) NOT NULL,
  `hp` varchar(20) NOT NULL,
  `foto` varchar(50) NOT NULL DEFAULT 'default.jpg',
  `level` enum('admin','pegawai') NOT NULL,
  `active` enum('Y','N') NOT NULL DEFAULT 'Y',
  `last_login` datetime DEFAULT NULL
) ENGINE=InnoDB DEFAULT CHARSET=utf8mb4;

--
-- Dumping data untuk tabel `tbl_user`
--

INSERT INTO `tbl_user` (`id_user`, `username`, `fullname`, `password`, `alamat`, `hp`, `foto`, `level`, `active`, `last_login`) VALUES
(1, 'admin', 'Admin', '$2y$08$BO41OJFfhPPPzjKdWw2I6OyUElK1mkD43UVt1ss6J1xrVUExC1lRy', 'Perum Citra Ringin Mas B-43 Babadan,RT/RW 008/003,Purwomartani,Kalasan,Sleman,yogyakarta', '085156225593', 'foto1669997417.png', 'admin', 'Y', '2022-12-12 00:05:35'),
(9, 'Alde46', 'CAROLUS RICO ALDEANTORO', '$2y$10$BftZZwk0nm3caFtbADZ/5OBu/Ye87TLAWwKw608sYw.Y2wKKTnHzy', 'Perum Citra Ringin Mas B-43 BabadanPurwomartani,Kalasan,Sleman,yogyakarta', '085155222106', 'foto1669988842.JPG', 'pegawai', 'Y', '2022-12-12 01:05:52');

--
-- Indexes for dumped tables
--

--
-- Indeks untuk tabel `ci_sessions`
--
ALTER TABLE `ci_sessions`
  ADD KEY `ci_sessions_timestamp` (`timestamp`);

--
-- Indeks untuk tabel `tbl_barang`
--
ALTER TABLE `tbl_barang`
  ADD PRIMARY KEY (`kode_barang`);

--
-- Indeks untuk tabel `tbl_pembelian`
--
ALTER TABLE `tbl_pembelian`
  ADD PRIMARY KEY (`id_pembelian`);

--
-- Indeks untuk tabel `tbl_penjualan`
--
ALTER TABLE `tbl_penjualan`
  ADD PRIMARY KEY (`id_penjualan`);

--
-- Indeks untuk tabel `tbl_supplier`
--
ALTER TABLE `tbl_supplier`
  ADD PRIMARY KEY (`id_supplier`);

--
-- Indeks untuk tabel `tbl_user`
--
ALTER TABLE `tbl_user`
  ADD PRIMARY KEY (`id_user`),
  ADD UNIQUE KEY `username` (`username`);

--
-- AUTO_INCREMENT untuk tabel yang dibuang
--

--
-- AUTO_INCREMENT untuk tabel `tbl_user`
--
ALTER TABLE `tbl_user`
  MODIFY `id_user` int(11) NOT NULL AUTO_INCREMENT, AUTO_INCREMENT=10;
COMMIT;

/*!40101 SET CHARACTER_SET_CLIENT=@OLD_CHARACTER_SET_CLIENT */;
/*!40101 SET CHARACTER_SET_RESULTS=@OLD_CHARACTER_SET_RESULTS */;
/*!40101 SET COLLATION_CONNECTION=@OLD_COLLATION_CONNECTION */;
